,Unnamed: 0,Material,Functional unit,Embodied Energy (MJ),Embodied Water (L),Embodied Greenhouse Gas Emissions (kgCO₂e),More information,embeddings,similarities
0,0,Concrete block,kg,2.6,3.7,0.24,http://doi.org/10.26188/5da552ea39cdc,"[-0.02012964 -0.00244274 -0.02805059 ... -0.01747151 -0.02050365
 -0.02630077]",0.8494958350094526
1,1,Concrete block - 390 × 190 × 90 mm,no.,24.3,34.2,2.2,http://doi.org/10.26188/5da552ea39cdc,"[-0.0050629   0.0063702  -0.01457908 ... -0.01000845 -0.02285968
 -0.03638249]",0.795690895262188
2,2,Concrete block - 390 × 190 × 140 mm,no.,29.6,41.6,2.7,http://doi.org/10.26188/5da552ea39cdc,"[-0.00464854  0.00849202 -0.01768522 ... -0.0082518  -0.01800984
 -0.03768172]",0.7953011314728576
3,3,Concrete block - 390 × 190 × 190 mm,no.,35.2,49.4,3.2,http://doi.org/10.26188/5da552ea39cdc,"[-0.00434036  0.00813735 -0.0119278  ... -0.01095237 -0.02312239
 -0.03975062]",0.7964120688087566
4,4,Cement mortar,kg,3.9,3.7,0.35,http://doi.org/10.26188/5da5528f75432,"[-0.01280385  0.01461822 -0.00010472 ... -0.03313634 -0.00857464
  0.00769006]",0.8189185262580819
5,5,Portland cement,kg,11.8,7.8,1.3,http://doi.org/10.26188/5da55701cee5d,"[ 0.0078209   0.00265112 -0.00016046 ... -0.01086609 -0.01749307
 -0.00492999]",0.806326901312613
6,6,Autoclaved aerated concrete (AAC),kg,8.5,8.4,0.71,http://doi.org/10.26188/5da551fc254d7,"[-0.00465158  0.0014236  -0.00322551 ... -0.01717203 -0.02148807
 -0.01379026]",0.8153409796871279
7,7,AAC block - 600 × 200 × 100 mm,no.,56.4,55.4,4.7,http://doi.org/10.26188/5da551fc254d7,"[ 0.00228782  0.00396621  0.0013199  ... -0.01990603 -0.02225252
 -0.01154341]",0.7675767238019084
8,8,AAC block - 600 × 200 × 150 mm,no.,84.5,83,7,http://doi.org/10.26188/5da551fc254d7,"[ 0.0031475   0.00906196  0.00201717 ... -0.02012336 -0.01762084
 -0.01355747]",0.7647744668613494
9,9,AAC block - 600 × 200 × 200 mm,no.,113,111,9.4,http://doi.org/10.26188/5da551fc254d7,"[ 0.00344944  0.00598206  0.00129313 ... -0.01816726 -0.01958475
 -0.01041659]",0.7703314629935253
10,10,Concrete 20 MPa,m³,2 404,4 154,328,http://doi.org/10.26188/5da54a205d0e5,"[ 0.00157918  0.00577481 -0.00351569 ... -0.0038002  -0.02274699
 -0.01637946]",0.8286390398669798
11,11,Concrete 20 MPa - 30% fly ash,m³,2 026,4 011,251,http://doi.org/10.26188/5da54a205d0e5,"[-0.00111679  0.01500168 -0.00424381 ... -0.00299534 -0.02237584
 -0.02686968]",0.8093521141117395
12,12,Concrete 20 MPa - 30% GGBFS,m³,2 186,4 034,263,http://doi.org/10.26188/5da54a205d0e5,"[ 0.00866437  0.01441388 -0.01307678 ... -0.01418657 -0.01537658
 -0.02033721]",0.8136824974972683
13,13,Concrete 25 MPa,m³,2 581,4 196,361,http://doi.org/10.26188/5da54a4ae57a1,"[-0.00854715  0.0053861  -0.00484982 ... -0.00676843 -0.01890631
 -0.02073166]",0.8239467157116445
14,14,Concrete 25 MPa - 30% fly ash,m³,2 241,4 028,277,http://doi.org/10.26188/5da54a4ae57a1,"[-0.00933068  0.01429155 -0.00315118 ... -0.0079095  -0.01990989
 -0.03206302]",0.8091169704777939
15,15,Concrete 25 MPa - 30% GGBFS,m³,2 441,4 105,293,http://doi.org/10.26188/5da54a4ae57a1,"[ 0.00033244  0.01281896 -0.01325778 ... -0.01857685 -0.01249317
 -0.02378954]",0.8118036223722608
16,16,Concrete 32 MPa,m³,3 015,4 300,416,http://doi.org/10.26188/5da550538b369,"[ 0.01359199  0.00785107 -0.01481788 ... -0.00161778 -0.02609877
 -0.0100282 ]",0.8253954314503575
17,17,Concrete 32 MPa - 30% fly ash,m³,2 484,4 066,314,http://doi.org/10.26188/5da550538b369,"[ 0.00602364  0.01355236 -0.01088851 ... -0.00050863 -0.02417449
 -0.0210045 ]",0.8047005287284938
18,18,Concrete 32 MPa - 30% GGBFS,m³,2 704,4 103,331,http://doi.org/10.26188/5da550538b369,"[ 0.0158432   0.01306029 -0.02208971 ... -0.00977687 -0.01768512
 -0.01285341]",0.8068831024709117
19,19,Concrete 40 MPa,m³,3 476,4 355,497,http://doi.org/10.26188/5da5507e33fe6,"[ 0.00181064  0.00363809 -0.01338226 ... -0.00143489 -0.01909831
 -0.01244752]",0.828516786515439
20,20,Concrete 40 MPa - 30% fly ash,m³,2 854,4 075,373,http://doi.org/10.26188/5da5507e33fe6,"[-0.00130734  0.01224067 -0.00818482 ... -0.00048122 -0.01828454
 -0.02260634]",0.8060166990598414
21,21,Concrete 40 MPa - 30% GGBFS,m³,3 106,4 120,392,http://doi.org/10.26188/5da5507e33fe6,"[ 0.00699633  0.01289781 -0.01859902 ... -0.01100186 -0.01188975
 -0.01705021]",0.8103063307424113
22,22,Concrete 50 MPa,m³,3 998,4 365,600,http://doi.org/10.26188/5da5514c0eea5,"[ 0.00036729  0.00046731 -0.02183921 ... -0.00722819 -0.01853105
 -0.00892933]",0.8264035988313266
23,23,Concrete 50 MPa - 30% fly ash,m³,3 634,4 246,467,http://doi.org/10.26188/5da5514c0eea5,"[-0.00115681  0.01080569 -0.01557876 ... -0.00404716 -0.02108104
 -0.02489949]",0.8060937864017765
24,24,Concrete 50 MPa - 30% GGBFS,m³,3 958,4 325,492,http://doi.org/10.26188/5da5514c0eea5,"[ 0.00783654  0.0107644  -0.02699771 ... -0.01525958 -0.01358556
 -0.01812742]",0.8103916130656835
25,25,Fibre cement weatherboard,kg,26,31.3,2.2,http://doi.org/10.26188/5da55463adae0,"[-0.01193739  0.02958651 -0.02487661 ... -0.03538932 -0.01604229
 -0.02412198]",0.784058472609442
26,26,FC weatherboard - 150 × 16 mm - per m² wall,m²,549,660,46.9,http://doi.org/10.26188/5da55463adae0,"[ 0.0061334   0.02262615 -0.02252091 ... -0.0111618  -0.00172656
 -0.0355178 ]",0.7425324360382289
27,27,FC weatherboard - 180 × 16 mm - per m² wall,m²,549,660,46.9,http://doi.org/10.26188/5da55463adae0,"[-0.00103482  0.02475623 -0.0228356  ... -0.00068381 -0.0028826
 -0.03544551]",0.7424745808583619
28,28,FC weatherboard - 205 × 7.5 mm - per m² wall,m²,304,365,26,http://doi.org/10.26188/5da55463adae0,"[ 0.00577903  0.02019997 -0.02089239 ... -0.00020806  0.00329232
 -0.03304966]",0.7482707149620088
29,29,FC weatherboard - 230 × 7.5 mm - per m² wall,m²,284,341,24.2,http://doi.org/10.26188/5da55463adae0,"[ 0.01430735  0.02272734 -0.02575058 ... -0.00091493  0.00120084
 -0.03352084]",0.7437909304167112
30,30,FC weatherboard - 300 × 7.5 mm - per m² wall,m²,294,354,25.2,http://doi.org/10.26188/5da55463adae0,"[-0.00049028  0.01895923 -0.02334157 ... -0.00151263  0.00236328
 -0.04226109]",0.7435077405545664
31,31,Fibre cement sheet,kg,18.3,19.8,1.6,http://doi.org/10.26188/5da554545f280,"[-0.0133855   0.02703347 -0.01283434 ... -0.03026174 -0.02003889
 -0.02207296]",0.788131036180439
32,32,Fibre cement sheet - 4.5 mm,m²,119,129,10.2,http://doi.org/10.26188/5da554545f280,"[-0.01049821  0.0259004  -0.01373905 ... -0.02530877 -0.01835379
 -0.03171156]",0.7669922354583967
33,33,Fibre cement sheet - 6 mm,m²,159,172,13.5,http://doi.org/10.26188/5da554545f280,"[-0.00267627  0.0229168  -0.00648913 ... -0.02208418 -0.00826009
 -0.0323267 ]",0.7638858029467657
34,34,Fibre cement sheet - 7.5 mm,m²,198,214,16.9,http://doi.org/10.26188/5da554545f280,"[-0.00746854  0.02455823 -0.01458268 ... -0.02411195 -0.00327815
 -0.03436315]",0.7639529105270451
35,35,Fibre cement sheet - 18 mm,m²,475,514,40.6,http://doi.org/10.26188/5da554545f280,"[-0.00875136  0.02445369 -0.00310452 ... -0.0295713  -0.01162672
 -0.03479442]",0.7573537257731493
36,36,Fibre cement sheet - 24 mm,m²,634,686,54.2,http://doi.org/10.26188/5da554545f280,"[-0.00178235  0.03615388 -0.00339354 ... -0.02957087 -0.01694466
 -0.0388924 ]",0.7603222624286621
37,37,Gypsum plaster,kg,6.5,6.5,0.44,http://doi.org/10.26188/5da554d7d6197,"[-0.01591215  0.03252021  0.0185218  ... -0.01753147 -0.0032286
  0.01348317]",0.798079326674998
38,38,Plasterboard - 10 mm,m²,86.1,85.6,5.8,http://doi.org/10.26188/5da556516b6e3,"[-0.00944184 -0.00732907  0.00330202 ... -0.01215169 -0.00891036
 -0.02831895]",0.7635183956036613
39,39,Plasterboard - 13 mm,m²,95.7,97.9,6.5,http://doi.org/10.26188/5da556516b6e3,"[-0.01703238  0.00376653 -0.00426786 ... -0.00215835 -0.01898564
 -0.03268447]",0.7589400649851703
40,40,Concrete roof tile,kg,4.3,5.7,0.39,http://doi.org/10.26188/5da552f96c488,"[-0.00932884 -0.01557276 -0.01728361 ... -0.01017752 -0.01899445
 -0.02839738]",0.8121285332681393
41,41,Double glazing - flat glass,m²,1 336,1 558,101,http://doi.org/10.26188/5da55375f3452,"[ 0.00108689  0.01085739 -0.01272392 ... -0.0208341  -0.02518495
 -0.03133659]",0.7728682330584078
42,42,"Double glazing - flat glass, 4:12:4",m²,1 336,1 558,101,http://doi.org/10.26188/5da55375f3452,"[-0.00531137  0.01858979 -0.02059136 ... -0.0253402  -0.02260602
 -0.03545273]",0.7649084903863993
43,43,"Double glazing - flat glass, 6:6:6",m²,1 441,1 671,108,http://doi.org/10.26188/5da55375f3452,"[ 0.00291228  0.01008715 -0.00837424 ... -0.02673718 -0.00657601
 -0.03914102]",0.7634395512272258
44,44,"Double glazing - flat glass, 6:12:6",m²,1 441,1 671,108,http://doi.org/10.26188/5da55375f3452,"[-0.00085198  0.01737546 -0.01335771 ... -0.02543705 -0.00726587
 -0.03540316]",0.7628566694732314
45,45,Flat glass,kg,28.5,32.2,2,http://doi.org/10.26188/5da554738e0e0,"[ 0.00563373 -0.00805762  0.00017915 ... -0.0187967  -0.02365769
 -0.02450308]",0.8078295863440348
46,46,Flat glass sheet - 3 mm,m²,222,251,15.7,http://doi.org/10.26188/5da554738e0e0,"[ 0.00246648  0.00533445 -0.00449857 ... -0.01453234 -0.01854716
 -0.02809059]",0.7657389155319416
47,47,Flat glass sheet - 4 mm,m²,296,335,21,http://doi.org/10.26188/5da554738e0e0,"[ 0.0014327   0.00575383 -0.00809091 ... -0.01751165 -0.02000015
 -0.02254131]",0.7652588714578568
48,48,Flat glass sheet - 5 mm,m²,370,418,26.2,http://doi.org/10.26188/5da554738e0e0,"[-0.00440293  0.0055896  -0.00240971 ... -0.0128584  -0.01747948
 -0.01985945]",0.7669208479086769
49,49,Flat glass sheet - 6 mm,m²,444,502,31.4,http://doi.org/10.26188/5da554738e0e0,"[ 0.00619036  0.0054022  -0.00288336 ... -0.01392421 -0.00587182
 -0.02692891]",0.7619704454239531
50,50,Flat glass sheet - 10 mm,m²,740,837,52.4,http://doi.org/10.26188/5da554738e0e0,"[ 0.00153739 -0.00949581 -0.00307808 ... -0.02097896 -0.0159777
 -0.03490352]",0.7653081842152858
51,51,Flat glass sheet - 12 mm,m²,888,1 004,62.9,http://doi.org/10.26188/5da554738e0e0,"[ 0.00185728  0.00960089 -0.01738754 ... -0.00824352 -0.01660623
 -0.02963696]",0.7651870180547916
52,52,Laminated glass,kg,36.4,59.7,2.8,http://doi.org/10.26188/5da5556225c38,"[ 0.00372368  0.01652264 -0.01327964 ... -0.02076546 -0.02221392
 -0.01662519]",0.7864119705743711
53,53,Laminated glass sheet - 6.38 mm,m²,604,991,46.8,http://doi.org/10.26188/5da5556225c38,"[ 0.01580913  0.01962869 -0.0117306  ... -0.01880004 -0.00892096
 -0.01709095]",0.7489153654760844
54,54,Laminated glass sheet - 8.38 mm,m²,794,1 302,61.4,http://doi.org/10.26188/5da5556225c38,"[ 0.00341487  0.01631043 -0.0109955  ... -0.01941842 -0.01394679
 -0.01627126]",0.7542170147920793
55,55,Laminated glass sheet - 10.38 mm,m²,983,1 613,76.1,http://doi.org/10.26188/5da5556225c38,"[ 0.01148179  0.00941067 -0.01130057 ... -0.02350725 -0.01469203
 -0.02446515]",0.7526771940822391
56,56,Laminated glass sheet - 12.38 mm,m²,1 172,1 923,90.7,http://doi.org/10.26188/5da5556225c38,"[ 0.01205408  0.02464303 -0.02413425 ... -0.01339777 -0.01488496
 -0.02042932]",0.7513993724871261
57,57,Double glazing - toughened glass,m²,1 536,1 772,115,http://doi.org/10.26188/5da553f3e04ff,"[ 0.0049346   0.0027409  -0.02011623 ... -0.01665061 -0.01470934
 -0.01693724]",0.7761743742626152
58,58,"Double glazing - toughened glass, 4:12:4",m²,1 536,1 772,115,http://doi.org/10.26188/5da553f3e04ff,"[ 0.00487705  0.00898143 -0.02805376 ... -0.01849118 -0.01713076
 -0.02376117]",0.76875059380038
59,59,"Double glazing - toughened glass, 5:6:5",m²,1 635,1 879,122,http://doi.org/10.26188/5da553f3e04ff,"[-0.00057887  0.0010516  -0.01836708 ... -0.02005225 -0.00879817
 -0.01555846]",0.7673225892467447
60,60,"Double glazing - toughened glass, 5:12:5",m²,1 635,1 879,122,http://doi.org/10.26188/5da553f3e04ff,"[-0.00699591  0.00546617 -0.0241461  ... -0.01896346 -0.00938282
 -0.01535012]",0.7689915967316491
61,61,"Double glazing - toughened glass, 6:6:6",m²,1 729,1 980,128,http://doi.org/10.26188/5da553f3e04ff,"[ 0.0108794  -0.00240267 -0.01745963 ... -0.02015483 -0.00386202
 -0.02584762]",0.7682105974521
62,62,"Double glazing - toughened glass, 6:12:6",m²,1 729,1 980,128,http://doi.org/10.26188/5da553f3e04ff,"[ 0.00696656  0.00612303 -0.02208394 ... -0.01843195 -0.0041978
 -0.02446567]",0.7689014681270938
63,63,"Double glazing - toughened glass, 10:6:6",m²,2 254,2 543,165,http://doi.org/10.26188/5da553f3e04ff,"[ 0.00993378 -0.00866829 -0.01864796 ... -0.02494263 -0.00521605
 -0.02908662]",0.7671115725088891
64,64,"Double glazing - toughened glass, 10:6:10",m²,2 779,3 107,202,http://doi.org/10.26188/5da553f3e04ff,"[ 0.01242237 -0.00951793 -0.01614451 ... -0.02731745 -0.00497811
 -0.0294369 ]",0.7652587434326729
65,65,"Double glazing - toughened glass, 10:12:6",m²,2 254,2 543,165,http://doi.org/10.26188/5da553f3e04ff,"[ 0.00716175 -0.00054547 -0.02272732 ... -0.02361263 -0.00747887
 -0.02484149]",0.7683555863021868
66,66,"Double glazing - toughened glass, 10:12:10",m²,2 779,3 107,202,http://doi.org/10.26188/5da553f3e04ff,"[ 0.00162351 -0.009756   -0.02144058 ... -0.02455293 -0.01256908
 -0.02057604]",0.7697769480525892
67,67,Toughened glass,kg,29.8,30.2,2.2,http://doi.org/10.26188/5da5589913df4,"[ 0.00473241 -0.0111205  -0.02321878 ... -0.02701253 -0.01874711
 -0.009706  ]",0.7964798388013702
68,68,Toughened glass sheet - 3 mm,m²,232,235,17.1,http://doi.org/10.26188/5da5589913df4,"[ 0.00255492 -0.00706571 -0.01856125 ... -0.02282269 -0.01795247
 -0.01602251]",0.7613823106856087
69,69,Toughened glass sheet - 4 mm,m²,310,314,22.8,http://doi.org/10.26188/5da5589913df4,"[ 0.00252801 -0.00627877 -0.0219191  ... -0.02554209 -0.01815378
 -0.00980796]",0.7628572642419489
70,70,Toughened glass sheet - 5 mm,m²,387,392,28.5,http://doi.org/10.26188/5da5589913df4,"[-0.00524725 -0.00457461 -0.0177107  ... -0.01960454 -0.01546421
 -0.00871821]",0.7631781280862024
71,71,Toughened glass sheet - 6 mm,m²,465,471,34.2,http://doi.org/10.26188/5da5589913df4,"[ 0.00594301 -0.00686503 -0.01580057 ... -0.02198622 -0.00556126
 -0.0143771 ]",0.7609252880097704
72,72,Toughened glass sheet - 10 mm,m²,775,785,56.9,http://doi.org/10.26188/5da5589913df4,"[ 0.00141014 -0.01741372 -0.01934278 ... -0.02771075 -0.01422033
 -0.020568  ]",0.7621965020722102
73,73,Toughened glass sheet - 12 mm,m²,929,942,68.3,http://doi.org/10.26188/5da5589913df4,"[ 0.00199739 -0.00064703 -0.03091393 ... -0.01522198 -0.01432119
 -0.0166319 ]",0.7622036744449704
74,74,Cellulose insulation,kg,12.1,20.5,0.79,http://doi.org/10.26188/5da5528023cab,"[-0.02198681  0.00603863 -0.01109018 ...  0.00772248 -0.03114798
 -0.01282564]",0.789091110499041
75,75,Cellulose insulation - 80 mm (R2),m²,48.3,82.1,3.1,http://doi.org/10.26188/5da5528023cab,"[-0.00307136  0.01403486 -0.00445603 ...  0.01094534 -0.02830737
 -0.02017429]",0.7640509748882992
76,76,Cellulose insulation - 100 mm (R2.5),m²,60.3,103,3.9,http://doi.org/10.26188/5da5528023cab,"[-0.00629692  0.00753806 -0.01250262 ...  0.00259793 -0.03041283
 -0.03067343]",0.7639567275862631
77,77,Aluminium foil insulation,m²,25.7,33.8,1.9,http://doi.org/10.26188/5da551d0640fa,"[-0.01271422 -0.00230869 -0.0238367  ... -0.00611374 -0.02006124
 -0.01256294]",0.7775873862909981
78,78,Glasswool insulation,kg,57.5,40.7,4,http://doi.org/10.26188/5da55494afb75,"[-0.01088591 -0.00030693 -0.00918726 ... -0.01584967 -0.01339754
 -0.01174515]",0.7808181482245317
79,79,Glasswool insulation - 80 mm (R2),m²,115,81.4,8,http://doi.org/10.26188/5da55494afb75,"[ 0.00038294  0.01202906 -0.00713005 ... -0.00579606 -0.01674932
 -0.01062556]",0.7551739294079334
80,80,Glasswool insulation - 100 mm (R2.5),m²,144,102,10.1,http://doi.org/10.26188/5da55494afb75,"[-0.00240804  0.00857804 -0.01581205 ... -0.01469203 -0.0192907
 -0.02125403]",0.7526688923172534
81,81,Rockwool insulation,kg,57.1,62.2,3.8,http://doi.org/10.26188/5da55737d3e5e,"[-0.01144132 -0.00373028 -0.02228152 ... -0.00074806 -0.01241647
 -0.00304067]",0.7744354999409628
82,82,Rockwool insulation - 80 mm (R2),m²,320,348,21.1,http://doi.org/10.26188/5da55737d3e5e,"[ 0.00017289  0.00617893 -0.01266448 ...  0.01277113 -0.01686376
 -0.00294116]",0.7530060054244007
83,83,Rockwool insulation - 100 mm (R2.5),m²,400,435,26.4,http://doi.org/10.26188/5da55737d3e5e,"[-0.00380522  0.00398673 -0.02312831 ...  0.00172274 -0.01941881
 -0.01409877]",0.7505293167588502
84,84,Polystyrene (EPS/XPS) insulation,kg,155,841,8,http://doi.org/10.26188/5da556cc242c5,"[ 0.00742482  0.01420229 -0.01344924 ... -0.00143179 -0.01658035
 -0.03569729]",0.7909034032595313
85,85,EPS/XPS insulation - 72 mm (R2),m²,251,1 362,12.9,http://doi.org/10.26188/5da556cc242c5,"[ 0.00858219  0.00946428 -0.02375688 ... -0.00145247 -0.01200445
 -0.02614451]",0.7524802101970056
86,86,EPS/XPS insulation - 90 mm (R2.5),m²,314,1 703,16.2,http://doi.org/10.26188/5da556cc242c5,"[ 0.006054    0.00480225 -0.02108497 ... -0.00792668 -0.01578731
 -0.03350344]",0.7537872206889641
87,87,Polyurethane (PU) rigid foam insulation,kg,293,690,17.5,http://doi.org/10.26188/5da556ef90771,"[ 0.00935673 -0.00771613 -0.01231113 ... -0.01122407 -0.00625227
 -0.02782343]",0.7760939373176398
88,88,PU rigid foam insulation - 44 mm (R2),m²,387,911,23.1,http://doi.org/10.26188/5da556ef90771,"[ 0.01100681  0.00739572 -0.02344204 ... -0.00728225 -0.02420297
 -0.02561803]",0.753893815919489
89,89,PU rigid foam insulation - 55 mm (R2.5),m²,484,1 138,28.8,http://doi.org/10.26188/5da556ef90771,"[ 0.01103077  0.01598895 -0.02015302 ... -0.00606926 -0.01430731
 -0.02554495]",0.7535782260676249
90,90,Aluminium bar,kg,345,219,29.6,http://doi.org/10.26188/5da5519635948,"[-0.01058126 -0.01016142 -0.02355036 ... -0.02407516 -0.00603519
 -0.01342174]",0.7725120260499644
91,91,Aluminium bar flat - 12 mm × 3mm,m,33.7,21.3,2.9,http://doi.org/10.26188/5da5519635948,"[-0.00907318  0.00286921 -0.02304613 ... -0.01599362 -0.00640867
 -0.03114199]",0.7343397186237983
92,92,Aluminium bar flat - 40 mm × 3mm,m,112,71.2,9.6,http://doi.org/10.26188/5da5519635948,"[-0.00693252 -0.00557944 -0.0145334  ... -0.02217359 -0.00253089
 -0.02400828]",0.7391988919180437
93,93,Aluminium bar flat - 100 mm × 6mm,m,562,356,48.2,http://doi.org/10.26188/5da5519635948,"[-0.00145926 -0.01021315 -0.01504334 ... -0.03090269 -0.00372793
 -0.02513805]",0.7360705405254732
94,94,Aluminium bar round - 16 mm dia.,m,188,119,16.2,http://doi.org/10.26188/5da5519635948,"[-0.00546236  0.00186456 -0.00490759 ... -0.02035255 -0.00799658
 -0.01881626]",0.7399333763093485
95,95,Aluminium bar round - 50 mm dia.,m,1 838,1 164,158,http://doi.org/10.26188/5da5519635948,"[ 0.00036155 -0.00532238 -0.0225619  ... -0.01711818 -0.01183188
 -0.01133342]",0.7415415647503365
96,96,Aluminium bar round - 150 mm dia.,m,16 542,10 479,1 420,http://doi.org/10.26188/5da5519635948,"[-0.00034692  0.00467414 -0.01553032 ... -0.01903675 -0.00923053
 -0.01941617]",0.7378750127044141
97,97,Aluminium composite panel,m²,1 196,1 174,102,http://doi.org/10.26188/5da551a4afce4,"[-0.01162881  0.00472462 -0.01885896 ... -0.00860638 -0.00848127
 -0.00625559]",0.7946482659682722
98,98,Aluminium extruded,kg,358,182,29.4,http://doi.org/10.26188/5da551b3248d5,"[-0.01964057  0.00391889 -0.02458035 ... -0.01910049 -0.00856229
 -0.00716598]",0.7879878421514172
99,99,Aluminium angle extruded,kg,383,244,32.7,http://doi.org/10.26188/5da551b3248d5,"[-0.00594684  0.00497639 -0.0251597  ... -0.01342286  0.00203401
 -0.01557941]",0.767700746884461
100,100,Aluminium extruded powdercoated,kg,415,251,33.6,http://doi.org/10.26188/5da551b3248d5,"[-0.00844833 -0.00053091 -0.01502364 ... -0.03115527 -0.00080543
 -0.00985968]",0.7691120613851374
101,101,"Aluminium round tube - 25 mm dia., 3.2 mm thick",m,114,57.9,9.4,http://doi.org/10.26188/5da551b3248d5,"[-0.0090928  -0.0036557   0.00089871 ... -0.02074875 -0.00701664
 -0.01280937]",0.7447938724464449
102,102,"Aluminium round tube - 60 mm dia., 10 mm thick",m,871,442,71.5,http://doi.org/10.26188/5da551b3248d5,"[ 0.00222392 -0.00752761 -0.00683385 ... -0.01425124  0.00636702
 -0.00074968]",0.7444081090372793
103,103,"Aluminium round tube - 80 mm dia., 6 mm thick",m,705,357,57.8,http://doi.org/10.26188/5da551b3248d5,"[ 0.0084652  -0.00417746 -0.00161114 ... -0.01270753  0.00330986
 -0.00301796]",0.7450380574168833
104,104,"Aluminium square tube - 20 × 20 mm, 1.6 mm thick",m,59.7,30.3,4.9,http://doi.org/10.26188/5da551b3248d5,"[ 0.00670748 -0.01551026  0.00190684 ... -0.02428748 -0.00518073
 -0.01888316]",0.7481495528286388
105,105,"Aluminium square tube - 40 × 40 mm, 2 mm thick",m,152,76.8,12.4,http://doi.org/10.26188/5da551b3248d5,"[ 0.00389502 -0.01067618 -0.00725368 ... -0.01660172 -0.00495498
 -0.01452012]",0.7523287380858453
106,106,"Aluminium square tube - 100 × 100 mm, 3 mm thick",m,574,291,47.1,http://doi.org/10.26188/5da551b3248d5,"[ 0.0115516  -0.01325867 -0.00947232 ... -0.0242712  -0.00832999
 -0.0197019 ]",0.7509837912227814
107,107,Aluminium sheet,kg,295,160,26.7,http://doi.org/10.26188/5da551dec2e47,"[-0.00867165 -0.00288735 -0.01313537 ... -0.01927459 -0.01154941
 -0.00424629]",0.7804400410448243
108,108,Aluminium sheet - 1.6 mm,m²,1 280,693,116,http://doi.org/10.26188/5da551dec2e47,"[-0.00244843  0.0008016  -0.0037882  ... -0.023673   -0.00813881
 -0.02133285]",0.756204605586936
109,109,Aluminium sheet - 3 mm,m²,2 400,1 300,217,http://doi.org/10.26188/5da551dec2e47,"[-0.0012673  -0.00149424 -0.00332198 ... -0.01652857 -0.01004729
 -0.01278687]",0.7548851838312148
110,110,Aluminium sheet - 6 mm,m²,4 800,2 600,434,http://doi.org/10.26188/5da551dec2e47,"[ 0.00303458 -0.00100935 -0.0010387  ... -0.01458423  0.00085607
 -0.01304493]",0.7539260002095607
111,111,Copper pipe,kg,150,289,10.1,http://doi.org/10.26188/5da55317e50fc,"[-0.02240529 -0.00061924  0.01404745 ... -0.01271988 -0.02537435
 -0.00635994]",0.7795683585294617
112,112,"Copper pipe - 12.7 mm outer dia., 0.91 mm thick",m,45.1,87,3,http://doi.org/10.26188/5da55317e50fc,"[ 0.00704356  0.01457379  0.01755957 ... -0.00608995 -0.01512623
 -0.03304094]",0.7500158945575549
113,113,"Copper pipe - 19.05 mm outer dia., 1.02 mm thick",m,77.3,149,5.2,http://doi.org/10.26188/5da55317e50fc,"[-0.00743399  0.01098995  0.03278582 ... -0.0118773  -0.02112542
 -0.03052473]",0.7436924689839234
114,114,"Copper pipe - 40 mm outer dia., 1.22 mm thick",m,199,384,13.4,http://doi.org/10.26188/5da55317e50fc,"[ 0.00233813  0.00581266  0.0231331  ... -0.00258304 -0.01939732
 -0.0142247 ]",0.74880262995194
115,115,Copper sheet,kg,226,389,15.1,http://doi.org/10.26188/5da55308b9bbe,"[-0.01680355  0.00213119  0.01370952 ... -0.01657053 -0.02608563
 -0.01987168]",0.7875940968516096
116,116,Copper sheet - 0.9 mm,m²,1 819,3 132,121,http://doi.org/10.26188/5da55308b9bbe,"[ 0.00239209 -0.00599102  0.01868455 ... -0.00515654 -0.01853826
 -0.01994792]",0.7626625495193317
117,117,Copper sheet - 1.2 mm,m²,2 426,4 175,162,http://doi.org/10.26188/5da55308b9bbe,"[-0.00445016  0.00506544  0.00709682 ... -0.00065515 -0.02830915
 -0.0266554 ]",0.7603182027446195
118,118,Copper sheet - 2 mm,m²,4 043,6 959,270,http://doi.org/10.26188/5da55308b9bbe,"[-0.00988311 -0.00024918  0.01376764 ... -0.01166022 -0.03144625
 -0.02004368]",0.7569413465416357
119,119,Copper sheet - 3 mm,m²,6 064,10 438,405,http://doi.org/10.26188/5da55308b9bbe,"[-0.00898843  0.00234895  0.01421855 ... -0.01074933 -0.02387717
 -0.02738582]",0.7537063619361731
120,120,Copper wire,kg,671,897,41.8,http://doi.org/10.26188/5da553272580f,"[-0.02216715 -0.00152172  0.01633984 ... -0.0088448  -0.02140143
 -0.00611608]",0.7778240060363166
121,121,Stainless steel wire,kg,226,253,13.9,http://doi.org/10.26188/5da5580349dda,"[-0.01836983  0.00528947 -0.013836   ... -0.01392719 -0.01338001
  0.00679423]",0.7495186180211064
122,122,Bare wire - 2 mm dia.,m,5.5,6.2,0.34,http://doi.org/10.26188/5da5580349dda,"[-0.01787057 -0.00456447  0.00572646 ... -0.01530618 -0.01821783
 -0.00663802]",0.7384736669655674
123,123,Bare wire - 3.2 mm dia.,m,14.1,15.8,0.87,http://doi.org/10.26188/5da5580349dda,"[-1.08771361e-02 -2.28267116e-03  3.10754549e-05 ... -1.14681404e-02
 -1.84074603e-02 -1.58575103e-02]",0.7339880577378046
124,124,Wire Rope - 1.6 mm dia.,m,2.4,2.7,0.15,http://doi.org/10.26188/5da5580349dda,"[-0.02276885 -0.00489059 -0.00262381 ... -0.01467176 -0.01226689
 -0.01864621]",0.7293194480973506
125,125,Wire Rope - 4 mm dia.,m,14.2,15.9,0.87,http://doi.org/10.26188/5da5580349dda,"[-0.0186399   0.00072505 -0.00605831 ... -0.00979511 -0.02035048
 -0.00634001]",0.7398457512726938
126,126,Wire Rope - 8 mm dia.,m,57.8,64.9,3.6,http://doi.org/10.26188/5da5580349dda,"[-0.02982489 -0.00870005  0.00041278 ... -0.0076117  -0.01371593
 -0.01090379]",0.7408558108091077
127,127,Wire Rope - 12 mm dia.,m,127,143,7.8,http://doi.org/10.26188/5da5580349dda,"[-0.02393725  0.00338081 -0.01995902 ... -0.00071028 -0.01225375
 -0.01505752]",0.7309712644526851
128,128,Cold rolled stainless steel,kg,123,168,9.2,http://doi.org/10.26188/5dd09ea396b11,"[-0.02305608  0.0072231  -0.00888592 ... -0.00346696 -0.0089385
 -0.00345053]",0.7496945283571235
129,129,Stainless steel extruded,kg,155,138,11.8,http://doi.org/10.26188/5da557cc41ed8,"[-0.02183988  0.01869311 -0.02738354 ... -0.01452867 -0.01396627
 -0.00556709]",0.7740349575337043
130,130,Stainless steel sheet,kg,97.6,140,7.2,http://doi.org/10.26188/5da557de9ee33,"[-0.01190524  0.00371554 -0.01100137 ... -0.01797407 -0.01452646
  0.00545226]",0.765302233945912
131,131,Stainless steel sheet products,kg,238,263,14.7,http://doi.org/10.26188/5da557de9ee33,"[-0.01285362 -0.00077021 -0.00786199 ... -0.01610846 -0.00869061
 -0.00349017]",0.754178487666794
132,132,Cold rolled steel,kg,51.7,77.6,3.7,http://doi.org/10.26188/5da552dadce9f,"[-0.02807581 -0.00652085 -0.00768308 ...  0.00121432 -0.0132696
 -0.0062539 ]",0.7701327742482242
133,133,Hot rolled galvanised structural steel,kg,43,43.2,3.3,http://doi.org/10.26188/5da5554017f41,"[-0.03544379  0.00919299  0.00457045 ... -0.01996155 -0.00722678
 -0.00325042]",0.7538664011205918
134,134,Hot rolled structural steel,kg,38.8,37.1,2.9,http://doi.org/10.26188/5da55550a40e9,"[-0.02899974  0.00161054 -0.00236699 ... -0.02112081 -0.00268479
  0.00231733]",0.761623466389027
135,135,Steel reinforcement bar - 6 mm dia.,m,8.6,8.2,0.64,http://doi.org/10.26188/5da55550a40e9,"[-0.01596706  0.00515576 -0.01726915 ... -0.02213555  0.00370241
 -0.01787416]",0.7682575537780435
136,136,Steel reinforcement bar - 8 mm dia.,m,15.3,14.6,1.1,http://doi.org/10.26188/5da55550a40e9,"[-0.02423545 -0.00186325 -0.01945179 ... -0.02352186 -0.00053643
 -0.01906857]",0.7696825824097077
137,137,Steel reinforcement bar - 12 mm dia.,m,34.5,32.9,2.6,http://doi.org/10.26188/5da55550a40e9,"[-0.02318538  0.01016436 -0.03608681 ... -0.01755179 -0.00216574
 -0.02080705]",0.7667218004066263
138,138,Steel hollow section extruded,kg,54.8,45.2,4.6,http://doi.org/10.26188/5da558259be14,"[-0.02235018  0.01140735 -0.03501173 ... -0.00882593  0.00087015
  0.00667917]",0.7759262946590362
139,139,"Square tube - 20 × 20 mm, 1.6 mm thick",m,55,45.4,4.6,http://doi.org/10.26188/5da558259be14,"[ 0.00512098 -0.00930338  0.00691887 ... -0.00887214 -0.01679301
 -0.03295185]",0.7511318295872979
140,140,"Square tube - 50 × 50 mm, 2 mm thick",m,172,142,14.5,http://doi.org/10.26188/5da558259be14,"[ 0.00321716 -0.00899721 -0.00682591 ... -0.0102707  -0.0183128
 -0.02248985]",0.7573076899404674
141,141,"Square tube - 100 × 100 mm, 4 mm thick",m,688,568,57.8,http://doi.org/10.26188/5da558259be14,"[ 0.01035667 -0.01293943 -0.00628707 ... -0.01600927 -0.02017501
 -0.02799378]",0.7566700101769677
142,142,Steel bar,kg,29.5,44.3,2.1,http://doi.org/10.26188/5da55814c051c,"[-0.01534138 -0.01075225 -0.01633758 ... -0.02689723 -0.0070929
 -0.01106439]",0.8023499498305023
143,143,Steel pipe,kg,42.9,78.1,3.5,http://doi.org/10.26188/5da5583906307,"[-0.0205194  -0.00958463  0.00430774 ... -0.01140264 -0.02018521
 -0.0080273 ]",0.7957195133987146
144,144,"Steel pipe - 21.3 mm outer dia., 2.6 mm thick",m,51.4,93.7,4.2,http://doi.org/10.26188/5da5583906307,"[-0.00667025  0.0077005   0.02142404 ... -0.00704008 -0.02269205
 -0.01430471]",0.7560688044250722
145,145,"Steel pipe - 42.4 mm outer dia., 2.6 mm thick",m,110,199,9,http://doi.org/10.26188/5da5583906307,"[-0.00374778  0.00771178  0.0155808  ... -0.01261272 -0.02492404
 -0.01990516]",0.7564331424359236
146,146,"Steel pipe - 88.9 mm outer dia., 4 mm thick",m,359,654,29.6,http://doi.org/10.26188/5da5583906307,"[ 0.00648842  0.00667682  0.00692803 ... -0.00719907 -0.02763279
 -0.01250747]",0.7536070708669943
147,147,"Steel pipe - 165.1 mm outer dia., 4.9 mm thick",m,831,1 512,68.5,http://doi.org/10.26188/5da5583906307,"[ 0.00121813  0.00903025  0.00910239 ... -0.01334536 -0.01396837
 -0.02414626]",0.7537447160955038
148,148,Steel sheet corrugated,kg,79.6,73.4,5.5,http://doi.org/10.26188/5da5584b06f9b,"[-0.02318318  0.01029063 -0.00444605 ... -0.01393333 -0.02729423
 -0.01297061]",0.7845232065164855
149,149,Steel sheet corrugated - pre-painted,m²,293,286,24.9,http://doi.org/10.26188/5da5584b06f9b,"[-0.00395251  0.00943922  0.00269947 ... -0.01176002 -0.02540528
 -0.0208547 ]",0.769755138075567
150,150,Steel sheet corrugated - per square metre,m²,259,239,17.9,http://doi.org/10.26188/5da5584b06f9b,"[-0.00488339  0.0171864  -0.00830632 ... -0.01249209 -0.01809918
 -0.03471183]",0.7537330284081001
151,151,Asphalt,kg,4.2,2.9,0.2,http://doi.org/10.26188/5da551ed753b9,"[ 0.00740267  0.00816158 -0.01548437 ... -0.03182084 -0.01732172
 -0.00480308]",0.8067321984086503
152,152,Nylon carpet,m²,465,1 149,31.2,http://doi.org/10.26188/5da5521a352db,"[-0.00781053 -0.01241269 -0.00095741 ... -0.00946731  0.00219918
 -0.02792856]",0.7882860659523165
153,153,"Tufted carpet, nylon - prestige",m²,785,1 866,55.3,http://doi.org/10.26188/5da5521a352db,"[ 0.00317414 -0.02094689  0.0045187  ... -0.01068057  0.00760136
 -0.01771579]",0.7666342321222197
154,154,"Tufted carpet, nylon - quality",m²,484,1 161,33.3,http://doi.org/10.26188/5da5521a352db,"[-0.00326863 -0.01290886  0.00029274 ... -0.00717235  0.00419365
 -0.01593243]",0.7733433219206161
155,155,"Woven carpet, nylon - average",m²,364,908,23.9,http://doi.org/10.26188/5da5521a352db,"[-0.01236909  0.00379795  0.00083145 ... -0.00485217  0.01311082
 -0.04090522]",0.7626142066773552
156,156,"Woven carpet, nylon - quality",m²,376,911,24.8,http://doi.org/10.26188/5da5521a352db,"[-0.00320431 -0.01134384 -0.00469306 ... -0.00890863  0.00360165
 -0.02618019]",0.7671084396670678
157,157,Wool carpet,m²,360,1 343,41,http://doi.org/10.26188/5da55236c5619,"[-0.00424302 -0.00842632 -0.00776947 ... -0.00022248  0.00016722
 -0.01516738]",0.7779660347245158
158,158,"Tufted carpet, wool - prestige",m²,509,1 945,64.2,http://doi.org/10.26188/5da55236c5619,"[ 0.01171746 -0.01680112  0.00817041 ... -0.00895563  0.0048772
 -0.01625958]",0.7716302125189227
159,159,"Tufted carpet, wool - quality",m²,407,1 545,49.1,http://doi.org/10.26188/5da55236c5619,"[ 0.00742231 -0.01173007  0.00521786 ... -0.00726051  0.00048623
 -0.01079976]",0.7729431779263618
160,160,Silicone,kg,224,589,13.8,http://doi.org/10.26188/5da55771ca8cf,"[ 0.00170481  0.00105028 -0.01723751 ... -0.01006649 -0.02485502
 -0.01105419]",0.8028031878367223
161,161,Solar hot water system,no.,24 537,30 097,1 863,http://doi.org/10.26188/5da557a8720ed,"[ 0.00340239  0.01127408 -0.00235825 ... -0.03349046 -0.0139999
 -0.01202872]",0.7657694581809869
162,162,Water,kg,0.017,1,0.001,http://doi.org/10.26188/5da558d1e3aa6,"[ 0.02100099 -0.00495451  0.00066417 ... -0.03490418 -0.02161241
  0.00667579]",0.8331168778579087
163,163,Wood glue (PVA),kg,106,171,5.4,http://doi.org/10.26188/5da558f73d913,"[ 0.00626423 -0.00119517 -0.00860065 ... -0.0231355  -0.00275796
 -0.00980971]",0.777431351582069
164,164,Solvent-based paint,kg,124,197,6.3,http://doi.org/10.26188/5da557baa95ce,"[ 0.00402398  0.00177042 -0.01098568 ... -0.01198438 -0.01014911
 -0.01155637]",0.7911906215338023
165,165,Solvent-based paint - per m²,m²,9.3,14.7,0.47,http://doi.org/10.26188/5da557baa95ce,"[ 0.02009094  0.01386037 -0.00237111 ... -0.01364917 -0.01160311
 -0.03178645]",0.7676294210985565
166,166,Water-based paint,kg,111,206,6.8,http://doi.org/10.26188/5da558e47158f,"[-0.01054143 -0.00506128  0.00635595 ... -0.0201182  -0.01240728
 -0.00286859]",0.7824584280515119
167,167,Water-based paint - per m²,m²,8.7,16.1,0.53,http://doi.org/10.26188/5da558e47158f,"[ 0.01222949  0.00361326  0.00743579 ... -0.02182996 -0.01243222
 -0.02113674]",0.7579940032279291
168,168,Wallpaper,kg,263,448,16,http://doi.org/10.26188/5da558bf3c7d7,"[-0.02022213  0.01581425 -0.00136699 ... -0.01478317  0.00935064
  0.00268726]",0.8028893063983645
169,169,Wallpaper - per m²,m²,45.5,77.5,2.8,http://doi.org/10.26188/5da558bf3c7d7,"[ 0.00137838  0.029572    0.01046192 ... -0.00422222 -0.00190411
 -0.02158099]",0.7505690000665487
170,170,Natural rubber,kg,75.2,92.1,2.5,http://doi.org/10.26188/5da555f8c2b02,"[ 0.0063509  -0.00897468 -0.008201   ... -0.02019639 -0.01928143
 -0.00855084]",0.7754574477642765
171,171,Synthetic rubber,kg,92.8,111,3.7,http://doi.org/10.26188/5da558867e249,"[-0.0078113   0.00294812 -0.02277036 ... -0.01329037 -0.01282393
 -0.01374368]",0.789080611369578
172,172,High-density polyethylene (HDPE) film,kg,147,172,6.4,http://doi.org/10.26188/5da5551da9cb9,"[-0.0186344   0.00668026 -0.00960368 ... -0.02144714 -0.0161993
 -0.02478076]",0.7681173988238847
173,173,HDPE film - 100 μm,m²,13.8,16.2,0.6,http://doi.org/10.26188/5da5551da9cb9,"[-0.01038958 -0.00818532 -0.00624315 ... -0.02426027 -0.0218544
 -0.02288933]",0.7382413163608378
174,174,HDPE film - 200 μm,m²,27.6,32.4,1.2,http://doi.org/10.26188/5da5551da9cb9,"[-0.00816611 -0.00226519 -0.00694187 ... -0.02608582 -0.0183233
 -0.02245344]",0.7385025466359433
175,175,High-density polyethylene (HDPE) pipe,kg,135,130,5.6,http://doi.org/10.26188/5da5552ee9ccf,"[-0.02612401  0.00848902 -0.00910734 ... -0.02730912 -0.01254674
 -0.0096226 ]",0.7705075970578037
176,176,"HDPE pipe - 32 mm inner dia., 1.88 mm thickness",m,12.3,11.9,0.51,http://doi.org/10.26188/5da5552ee9ccf,"[ 0.00918716  0.01150868  0.00767026 ... -0.01125806 -0.00770323
 -0.00265788]",0.7338834485885743
177,177,"HDPE pipe - 63 mm inner dia., 3.75 mm thickness",m,47.7,46.1,2,http://doi.org/10.26188/5da5552ee9ccf,"[-0.01120814  0.01419963  0.00232339 ... -0.01453202 -0.00321087
 -0.01664601]",0.7359231376237839
178,178,"HDPE pipe - 125 mm inner dia., 7.35 mm thickness",m,188,181,7.8,http://doi.org/10.26188/5da5552ee9ccf,"[-0.0069106   0.01269145  0.00189777 ... -0.0205468   0.00466763
 -0.0215378 ]",0.7336135837189591
179,179,"HDPE pipe - 250 mm inner dia., 14.71 mm thickness",m,752,726,31,http://doi.org/10.26188/5da5552ee9ccf,"[-0.0030782   0.00283248  0.00814877 ... -0.02598042 -0.00538602
 -0.02797278]",0.7317325691699381
180,180,"HDPE pipe - 500 mm inner dia., 29.41 mm thickness",m,3 007,2 903,124,http://doi.org/10.26188/5da5552ee9ccf,"[-0.00030365  0.0099292   0.00876184 ... -0.02081352 -0.00742866
 -0.01423385]",0.7311887126403727
181,181,"HDPE pipe - 800 mm inner dia., 47.06 mm thickness",m,7 698,7 433,318,http://doi.org/10.26188/5da5552ee9ccf,"[ 0.00120813  0.01470937  0.00362769 ... -0.02042894 -0.01308088
 -0.00797033]",0.7361691024336173
182,182,Low-density polyethylene (LDPE) film,kg,136,122,6.4,http://doi.org/10.26188/5da55582e7c62,"[-0.00860832  0.00832332 -0.00879616 ... -0.02296847 -0.02120665
 -0.03210145]",0.7581658179749964
183,183,LDPE film - 100 μm,m²,12.3,11.1,0.58,http://doi.org/10.26188/5da55582e7c62,"[-0.00446142 -0.00784836 -0.01031766 ... -0.02666841 -0.02786969
 -0.03513076]",0.7401890971250161
184,184,LDPE film - 200 μm,m²,24.7,22.2,1.2,http://doi.org/10.26188/5da55582e7c62,"[-0.00157045  0.00160713 -0.00768221 ... -0.02779467 -0.02427366
 -0.03435656]",0.7406254288066599
185,185,Low-density polyethylene (LDPE) pipe,kg,130,89.6,6,http://doi.org/10.26188/5da5559330846,"[-0.01797089  0.0144439  -0.01162747 ... -0.02651062 -0.01811301
 -0.01549037]",0.7580467579060093
186,186,"LDPE pipe - 13 mm inner dia., 3.95 mm thickness",m,11,7.6,0.51,http://doi.org/10.26188/5da5559330846,"[-0.00686035  0.00976357 -0.00818602 ... -0.01923549 -0.02447189
 -0.03833842]",0.7400804799618275
187,187,"LDPE pipe - 19 mm inner dia., 4.4 mm thickness",m,17.3,11.9,0.8,http://doi.org/10.26188/5da5559330846,"[-0.0041191   0.00490134  0.00406299 ... -0.02363204 -0.03194946
 -0.03556689]",0.7433235489182
188,188,"LDPE pipe - 25 mm inner dia., 5.2 mm thickness",m,26.6,18.4,1.2,http://doi.org/10.26188/5da5559330846,"[-0.01074673  0.00728367  0.00858811 ... -0.02324154 -0.02102995
 -0.02502935]",0.7406209962639486
189,189,"LDPE pipe - 32 mm inner dia., 6.7 mm thickness",m,43.9,30.3,2,http://doi.org/10.26188/5da5559330846,"[ 0.00946635  0.00876563 -0.00259465 ... -0.01646035 -0.0161827
 -0.02312381]",0.742872117154694
190,190,Nylon 66,kg,335,910,22.2,http://doi.org/10.26188/5da55609d0f6f,"[-0.00760785 -0.01385191 -0.02307761 ...  0.00500394  0.00526132
 -0.01891936]",0.7708979933509158
191,191,Nylon 66 sheet - 1.5 mm,m²,572,1 556,37.9,http://doi.org/10.26188/5da55609d0f6f,"[-0.0003565   0.00426729 -0.01724091 ... -0.00456124 -0.00169932
 -0.02734764]",0.747213889594079
192,192,Nylon 66 sheet - 3 mm,m²,1 145,3 113,75.8,http://doi.org/10.26188/5da55609d0f6f,"[-0.00246283  0.00035951 -0.01408661 ... -0.00342208 -0.00220892
 -0.02604894]",0.7480403776326872
193,193,Nylon 66 sheet - 5 mm,m²,1 908,5 188,126,http://doi.org/10.26188/5da55609d0f6f,"[-0.0071274   0.0006249  -0.01393507 ... -0.00137552 -0.00242964
 -0.02122233]",0.7484939933907488
194,194,Acrylonitrile butadiene styrene (ABS),kg,270,359,16,http://doi.org/10.26188/5da55178a8ecb,"[-0.0072928  -0.00593842 -0.02545969 ... -0.01603114 -0.01017085
 -0.01916965]",0.7882183113080812
195,195,ABS panel - 2mm,m²,577,767,34.3,http://doi.org/10.26188/5da55178a8ecb,"[-0.00794834  0.00574603 -0.01117172 ... -0.00836878 -0.02899041
 -0.02116887]",0.763452609413579
196,196,ABS panel - 3mm,m²,866,1 151,51.4,http://doi.org/10.26188/5da55178a8ecb,"[-0.00699698  0.00509052 -0.01263031 ... -0.00722205 -0.02154037
 -0.03005325]",0.7582592388404844
197,197,"ABS pipe - 21.4 mm outer dia., 2.1 mm thick",m,36.8,48.9,2.2,http://doi.org/10.26188/5da55178a8ecb,"[-0.00868499  0.00925646  0.008067   ... -0.01061868 -0.02865315
 -0.01586821]",0.7456721291419877
198,198,"ABS pipe - 48.3 mm outer dia., 3.6 mm thick",m,146,194,8.7,http://doi.org/10.26188/5da55178a8ecb,"[-0.00212359  0.00385896 -0.00624801 ... -0.01096968 -0.02703598
 -0.01889997]",0.7405114780136346
199,199,"ABS pipe - 168.3 mm outer dia., 7.7 mm thick",m,1 122,1 491,66.6,http://doi.org/10.26188/5da55178a8ecb,"[-0.00178076  0.01160448 -0.00473773 ... -0.0159151  -0.01889836
 -0.0241552 ]",0.7412954834510463
200,200,Ethylene tetrafluoroethylene (ETFE),kg,12 063,22 606,798,http://doi.org/10.26188/5da554446a581,"[-0.0076724  -0.02230778 -0.03791534 ... -0.01806431  0.00652286
 -0.03310695]",0.7716764379432115
201,201,ETFE film - 25.4 μm (0.001”),m²,306,574,20.3,http://doi.org/10.26188/5da554446a581,"[-0.00357607 -0.0077013  -0.01538953 ... -0.01265027  0.00726328
 -0.04714923]",0.7402690502687034
202,202,ETFE film - 50.8 μm (0.002”),m²,613,1 148,40.5,http://doi.org/10.26188/5da554446a581,"[-0.00224027 -0.00855526 -0.02429773 ... -0.00991023  0.006549
 -0.03113147]",0.7429785141156254
203,203,ETFE film - 127 μm (0.005”),m²,1 532,2 871,101,http://doi.org/10.26188/5da554446a581,"[-0.0044672  -0.00260858 -0.02553805 ... -0.00815835  0.00330149
 -0.04155476]",0.7437803695168758
204,204,Glass reinforced plastic (GRP),kg,299,529,18.8,http://doi.org/10.26188/5da55484429d7,"[-0.00581693  0.01139054 -0.01044352 ... -0.02629294 -0.02701636
 -0.0123244 ]",0.8016817792109133
205,205,GRP panel - 10 mm,m²,4 037,7 144,254,http://doi.org/10.26188/5da55484429d7,"[-0.00623919  0.00200425 -0.00512553 ... -0.01163977 -0.01063345
 -0.03010911]",0.754212285500049
206,206,GRP panel - 20 mm,m²,8 075,14 288,509,http://doi.org/10.26188/5da55484429d7,"[-0.00506817  0.00745869  0.00436704 ... -0.00723166 -0.01885707
 -0.02102056]",0.7534306412595068
207,207,GRP panel - 50 mm,m²,20 187,35 719,1 271,http://doi.org/10.26188/5da55484429d7,"[-0.00410179  0.00704965 -0.01348253 ... -0.00873413 -0.01452373
 -0.0162878 ]",0.750726870548931
208,208,Linoleum,kg,58.2,195,4.4,http://doi.org/10.26188/5da555a381ad3,"[ 0.00225056  0.01085962  0.00353358 ... -0.01087903 -0.00194962
 -0.03121978]",0.7766394726766686
209,209,Linoleum sheet - 2 mm,m²,140,469,10.6,http://doi.org/10.26188/5da555a381ad3,"[-0.00090934  0.00464045  0.00397941 ... -0.0082285  -0.00720898
 -0.02867806]",0.7511318080820689
210,210,Linoleum sheet - 2.5 mm,m²,175,586,13.3,http://doi.org/10.26188/5da555a381ad3,"[-0.00850733  0.00441     0.00384654 ... -0.01298898 -0.00461194
 -0.0314237 ]",0.7534922742470537
211,211,Linoleum sheet - 3.2 mm,m²,223,750,17,http://doi.org/10.26188/5da555a381ad3,"[ 0.00576562  0.0087575  -0.00047898 ... -0.00750085 -0.0068888
 -0.03859811]",0.7507443328627226
212,212,Linoleum sheet - 4 mm,m²,279,937,21.2,http://doi.org/10.26188/5da555a381ad3,"[ 0.00179343  0.00929323 -0.00056412 ... -0.01008233 -0.00246515
 -0.03284258]",0.7456805064506971
213,213,Polycarbonate,kg,190,265,14,http://doi.org/10.26188/5da556966a461,"[-8.42399243e-03  7.62233324e-03 -1.34705030e-03 ... -5.08480662e-05
 -2.20127720e-02 -2.07380019e-02]",0.8076657958364603
214,214,Polycarbonate roofing sheet - 1 mm,m²,228,318,16.7,http://doi.org/10.26188/5da556966a461,"[-0.00221017  0.00328301 -0.00539565 ... -0.00157125 -0.02476973
 -0.02516647]",0.7548893350346735
215,215,Polycarbonate roofing sheet - 2 mm,m²,457,635,33.5,http://doi.org/10.26188/5da556966a461,"[-0.00898406  0.00197551 -0.00226733 ... -0.00679378 -0.02979822
 -0.01433515]",0.7573875010740686
216,216,Polycarbonate roofing sheet - 3 mm,m²,685,953,50.2,http://doi.org/10.26188/5da556966a461,"[-0.00588642  0.0039842  -0.00300041 ... -0.00476208 -0.02456541
 -0.02340185]",0.7559326119195887
217,217,Polycarbonate roofing sheet - 6 mm,m²,1 371,1 905,100,http://doi.org/10.26188/5da556966a461,"[-0.00347941  0.00181641 -0.00108528 ... -0.00392005 -0.01239009
 -0.02446684]",0.7520769688548896
218,218,Polymethyl methacrylate (PMMA),kg,230,215,15.4,http://doi.org/10.26188/5da556a82dd9d,"[-0.00960705  0.00634956 -0.03053896 ...  0.00351834 -0.00846184
 -0.03761382]",0.7832656643699358
219,219,PMMA sheet - 3 mm,m²,822,768,54.9,http://doi.org/10.26188/5da556a82dd9d,"[ 0.00248048  0.01752085 -0.0111031  ... -0.00884573 -0.01325547
 -0.03021198]",0.7545177659799728
220,220,PMMA sheet - 4 mm,m²,1 096,1 023,73.2,http://doi.org/10.26188/5da556a82dd9d,"[ 0.00382209  0.01844561 -0.01375561 ... -0.01167916 -0.01506566
 -0.02639766]",0.7554661233894645
221,221,PMMA sheet - 5 mm,m²,1 370,1 279,91.4,http://doi.org/10.26188/5da556a82dd9d,"[-0.0039592   0.01933702 -0.00979399 ... -0.00583148 -0.01128653
 -0.02657519]",0.7557728867196855
222,222,PMMA sheet - 6 mm,m²,1 644,1 535,110,http://doi.org/10.26188/5da556a82dd9d,"[ 0.00455324  0.01914593 -0.00887651 ... -0.00846915 -0.00437584
 -0.03148501]",0.7513540142012866
223,223,PMMA sheet - 8 mm,m²,2 192,2 047,146,http://doi.org/10.26188/5da556a82dd9d,"[-0.00468014  0.01336617 -0.00953877 ... -0.00884468 -0.00899672
 -0.03130672]",0.7549491630551313
224,224,PMMA sheet - 10 mm,m²,2 740,2 558,183,http://doi.org/10.26188/5da556a82dd9d,"[ 0.00089534  0.0061899  -0.01024284 ... -0.01247873 -0.01101452
 -0.03833317]",0.753857729012457
225,225,Polypropylene (PP) sheet,kg,159,186,7.4,http://doi.org/10.26188/5da556bad2165,"[-0.00015407 -0.00236389 -0.00802892 ... -0.00461165 -0.02035763
 -0.01803522]",0.7689464120238256
226,226,PP sheet - 2 mm,m²,287,335,13.4,http://doi.org/10.26188/5da556bad2165,"[-0.00335693  0.02584607 -0.00085086 ...  0.0002123  -0.01712003
 -0.02137016]",0.7582232551606999
227,227,PP sheet - 3 mm,m²,431,502,20,http://doi.org/10.26188/5da556bad2165,"[-0.00057094  0.02742496 -0.00344137 ...  0.0004368  -0.00939338
 -0.02949177]",0.7573260665171054
228,228,PP sheet - 4 mm,m²,574,670,26.7,http://doi.org/10.26188/5da556bad2165,"[-0.00093639  0.02575374 -0.00400298 ... -0.0045508  -0.01157004
 -0.02263848]",0.7558509137075571
229,229,PP sheet - 6 mm,m²,861,1 005,40.1,http://doi.org/10.26188/5da556bad2165,"[ 0.00088212  0.02414442 -0.0010308  ... -0.0003849  -0.00196083
 -0.02796366]",0.7523977314318193
230,230,PP sheet - 10 mm,m²,1 435,1 675,66.8,http://doi.org/10.26188/5da556bad2165,"[-0.00142292  0.00998366  0.00030515 ... -0.00477955 -0.01035515
 -0.03446851]",0.7574534153324767
231,231,PP sheet - 12 mm,m²,1 722,2 010,80.2,http://doi.org/10.26188/5da556bad2165,"[-0.00118279  0.02654784 -0.01581942 ...  0.00805631 -0.00870268
 -0.03249179]",0.7544673613950178
232,232,PP sheet - 15 mm,m²,2 153,2 512,100,http://doi.org/10.26188/5da556bad2165,"[-0.00058269  0.03338495  0.00264973 ...  0.00172939 -0.00741593
 -0.03040795]",0.755085063925223
233,233,Polyurethane (PU) flexible foam,kg,127,443,7.7,http://doi.org/10.26188/5da556dde71cd,"[ 0.01240328 -0.00188695 -0.00858585 ... -0.01107053  0.00764824
 -0.02344032]",0.7727865324373571
234,234,"PU foam underlay - 7 mm, 64 kg/m³",m²,56.8,198,3.4,http://doi.org/10.26188/5da556dde71cd,"[ 0.03574075 -0.00186863 -0.02581861 ... -0.01397521  0.01306722
 -0.02976641]",0.752488154276018
235,235,"PU foam underlay - 7 mm, 69 kg/m³",m²,61.4,214,3.7,http://doi.org/10.26188/5da556dde71cd,"[ 0.03588286  0.00010137 -0.01836234 ... -0.0176389   0.0127129
 -0.02315023]",0.7528435181999168
236,236,"PU foam underlay - 10 mm, 73 kg/m³",m²,92.5,323,5.6,http://doi.org/10.26188/5da556dde71cd,"[ 0.0319385  -0.01295941 -0.01765161 ... -0.01623212  0.00756404
 -0.0317545 ]",0.7535378232671198
237,237,"PU foam underlay - 10 mm, 123 kg/m³",m²,156,543,9.4,http://doi.org/10.26188/5da556dde71cd,"[ 0.03345779 -0.00971482 -0.01803994 ... -0.0094985   0.00522778
 -0.02928868]",0.7510676148761762
238,238,Polyvinyl chloride (PVC) film,kg,190,758,11.2,http://doi.org/10.26188/5da5571457bf1,"[ 0.00751698 -0.00379106 -0.00105036 ... -0.00447827 -0.01605011
 -0.02296781]",0.7739767110087064
239,239,PVC film - 19 μm,m²,5,20,0.3,http://doi.org/10.26188/5da5571457bf1,"[-0.00500042 -0.00557246  0.01492564 ... -0.01681929 -0.02294735
 -0.02840474]",0.7412290900639827
240,240,PVC film - 25 μm,m²,6.6,26.3,0.39,http://doi.org/10.26188/5da5571457bf1,"[-0.01135874 -0.00499246  0.00667195 ... -0.01227901 -0.01206866
 -0.0188655 ]",0.7398177879286144
241,241,Unplasticised polyvinyl chloride (uPVC),kg,76.3,561,4.2,http://doi.org/10.26188/5da558ad914dc,"[-0.01040162 -0.00214809 -0.00294086 ... -0.01390342 -0.0086183
 -0.01469456]",0.774262648075679
242,242,"uPVC pipe - 21.35 mm outer dia., 1.8 mm thick",m,11.7,86.2,0.64,http://doi.org/10.26188/5da558ad914dc,"[ 0.00095268  0.01876762  0.00983097 ... -0.00966658  0.00537909
 -0.01171826]",0.7504550490744178
243,243,"uPVC pipe - 60.25 mm outer dia., 2.6 mm thick",m,50,367,2.7,http://doi.org/10.26188/5da558ad914dc,"[-0.00422739  0.01559074  0.00609788 ... -0.02046121  0.00111071
 -0.00549724]",0.7467006243907763
244,244,"uPVC pipe - 114.3 mm outer dia., 4.85 mm thick",m,177,1 301,9.7,http://doi.org/10.26188/5da558ad914dc,"[ 0.0130733   0.02015631  0.0029902  ... -0.01479797 -0.00340327
 -0.01870811]",0.7472180752887597
245,245,"uPVC pipe - 225.3 mm outer dia., 11.1 mm thick",m,792,5 826,43.2,http://doi.org/10.26188/5da558ad914dc,"[-0.00099396  0.01421761  0.00507352 ... -0.02319509 -0.0043744
 -0.02640974]",0.7500487660282825
246,246,Clay brick,kg,3.5,1.8,0.32,http://doi.org/10.26188/5da552ad307a9,"[-0.01323642  0.01263924 -0.02316537 ... -0.02199726 -0.02563285
 -0.02288975]",0.8129786053717097
247,247,Gravel,kg,0.49,1.9,0.036,http://doi.org/10.26188/5da554c7241e7,"[ 0.01965383 -0.00018132  0.00986599 ... -0.0331341  -0.00460738
 -0.00946223]",0.8124602114662824
248,248,Recycled aggregate,kg,0.11,0.1,0.008,http://doi.org/10.26188/5da557263ad43,"[-0.01299218 -0.01345995 -0.00937519 ... -0.03454918 -0.01922473
 -0.00791917]",0.8040072888415596
249,249,Sand,kg,0.34,1.8,0.024,http://doi.org/10.26188/5da5574945e6e,"[ 9.93330032e-04 -2.69288830e-05  7.43027637e-03 ... -2.23310646e-02
 -1.15343640e-02 -1.68321244e-02]",0.8358715018780938
250,250,Sanitary ceramic,kg,98,89.8,6.4,http://doi.org/10.26188/5da5575bb1595,"[ 0.01680257  0.01866803  0.00719343 ... -0.00510653 -0.01950011
 -0.00937428]",0.7834175845462114
251,251,Dimension stone,kg,16.3,16.5,1.3,http://doi.org/10.26188/5da553562c7fa,"[ 0.01227804 -0.01928107  0.00857014 ... -0.01757403 -0.03775059
 -0.02757836]",0.7921780862631651
252,252,Ceramic tile,kg,18.9,15.2,1.3,http://doi.org/10.26188/5da5529e3a6be,"[ 0.00477573  0.00840528 -0.00315357 ... -0.02549601 -0.01105422
 -0.02024908]",0.8029258219662418
253,253,Clay roof tile,kg,7.5,4.7,0.61,http://doi.org/10.26188/5da552bc24123,"[-0.01043171 -0.00225689 -0.01839954 ... -0.01772396 -0.02927501
 -0.02765892]",0.7930949913140742
254,254,Cork slab,kg,179,199,9.5,http://doi.org/10.26188/5da55336dce12,"[ 0.00432948 -0.00273564 -0.00110246 ... -0.01455883 -0.03198389
 -0.01786705]",0.8044328782097339
255,255,Cork slab - 6 mm,m²,129,143,6.8,http://doi.org/10.26188/5da55336dce12,"[ 0.01092699  0.00411925 -0.00049369 ... -0.01139948 -0.01912557
 -0.0227191 ]",0.7679584913574725
256,256,Cork slab - 10 mm,m²,215,238,11.4,http://doi.org/10.26188/5da55336dce12,"[ 0.00737786 -0.01057045 -0.00050681 ... -0.01574837 -0.02708343
 -0.02902851]",0.7724093935088521
257,257,Cork slab - 12 mm,m²,258,286,13.6,http://doi.org/10.26188/5da55336dce12,"[ 0.00864887  0.00911113 -0.01176407 ... -0.00555042 -0.02837848
 -0.02655625]",0.7675214299209506
258,258,Cork slab - 20 mm,m²,430,477,22.7,http://doi.org/10.26188/5da55336dce12,"[ 0.00842388  0.00243048  0.00665748 ... -0.01164222 -0.03278557
 -0.02022   ]",0.7712525771912404
259,259,Cork slab - 50 mm,m²,1 074,1 192,56.8,http://doi.org/10.26188/5da55336dce12,"[ 0.00989766 -0.00305487 -0.01010331 ... -0.01398409 -0.03086053
 -0.01663762]",0.7675756827198068
260,260,Hardwood,m³,13 632,19 110,944,http://doi.org/10.26188/5da554ea370a5,"[ 0.00933953  0.00202025 -0.01037947 ... -0.0193017  -0.0080479
  0.00272569]",0.801036700890807
261,261,Hardwood kiln-dried - dressed,m³,41 597,58 411,2 269,http://doi.org/10.26188/5da554ea370a5,"[ 0.00676695  0.00390243  0.00750441 ... -0.00107206 -0.01952923
 -0.00355418]",0.7730407273132878
262,262,Hardwood kiln-dried - structural,m³,19 389,25 332,1 178,http://doi.org/10.26188/5da554ea370a5,"[ 0.00198383  0.01539342  0.01146667 ... -0.0037086  -0.02623289
 -0.00951692]",0.783169922601915
263,263,Cross laminated timber (CLT),m³,9 607,8 608,645,http://doi.org/10.26188/5da55346af5dc,"[-0.00737323 -0.00248724 -0.01322593 ... -0.0156378  -0.02259813
 -0.04763433]",0.8061748796952837
264,264,CLT - 60 mm,m²,576,516,38.7,http://doi.org/10.26188/5da55346af5dc,"[ 0.01623021  0.01080685 -0.01382426 ...  0.00058695 -0.00515419
 -0.0113452 ]",0.7556930554046085
265,265,CLT - 105 mm,m²,1 009,904,67.7,http://doi.org/10.26188/5da55346af5dc,"[ 0.01567955  0.01450425 -0.00703843 ...  0.01023712 -0.01399673
 -0.03290835]",0.7573311958686407
266,266,CLT - 175 mm,m²,1 681,1 506,113,http://doi.org/10.26188/5da55346af5dc,"[ 0.00355055  0.01572435 -0.00573118 ... -0.005076   -0.00765702
 -0.03473123]",0.7558574919739632
267,267,Glued laminated timber (glulam),m³,29 996,35 813,1 718,http://doi.org/10.26188/5da554a55f5a5,"[-0.01181663  0.0026327  -0.00602371 ... -0.02245952 -0.00579622
 -0.01839755]",0.7826121927980485
268,268,Glulam outdoor,m³,28 279,31 246,1 605,http://doi.org/10.26188/5da554a55f5a5,"[ 0.00056175  0.00289573 -0.01931391 ... -0.03503265  0.0102584
 -0.02261174]",0.7858090605444674
269,269,Laminated veneer lumber (LVL),m³,17 479,18 025,1 059,http://doi.org/10.26188/5da55571d9d31,"[ 0.00455855  0.01288115 -0.00743694 ... -0.01250344 -0.00989205
 -0.03193588]",0.7812479949783111
270,270,MDF sheet,m³,15 016,8 471,899,http://doi.org/10.26188/5da555b3e3bf9,"[-0.01206513  0.00831401 -0.02814979 ... -0.00851695 -0.02985187
 -0.01772782]",0.7778708104907804
271,271,Melamine-coated MDF board - 16 mm,m²,344,283,18.7,http://doi.org/10.26188/5da555b3e3bf9,"[-0.01143132  0.00100205 -0.00783184 ... -0.02158371 -0.00956566
 -0.0248272 ]",0.7493923162466808
272,272,Melamine-coated MDF board - 18 mm,m²,390,323,21.3,http://doi.org/10.26188/5da555b3e3bf9,"[-0.00897877  0.00034092 -0.00891987 ... -0.01903081 -0.00891987
 -0.02645204]",0.7471610230281976
273,273,Melamine-coated MDF board - 25 mm,m²,557,453,30.5,http://doi.org/10.26188/5da555b3e3bf9,"[-0.01331425 -0.00206132 -0.0087037  ... -0.01687039 -0.00864476
 -0.02328847]",0.7452263566570697
274,274,OSB sheet,m³,14 422,17 997,751,http://doi.org/10.26188/5da5561c22195,"[-0.00720278 -0.00095203 -0.01420549 ... -0.01752678 -0.00727615
 -0.01592616]",0.7717546076283316
275,275,Particleboard,m³,12 717,10 720,696,http://doi.org/10.26188/5da5562dbfbf9,"[-0.00670509  0.01256195 -0.01625109 ...  0.00447006 -0.01369966
 -0.03026715]",0.7965168506693434
276,276,Particleboard outdoor,m³,15 879,20 491,813,http://doi.org/10.26188/5da5562dbfbf9,"[ 0.00212951  0.01004902 -0.02144689 ... -0.01053461 -0.01158672
 -0.03523226]",0.7843915510600654
277,277,Plywood,m³,63 691,69 363,3 680,http://doi.org/10.26188/5da556748c57f,"[-0.00117427  0.00636041 -0.0003312  ... -0.00647759 -0.01781174
 -0.03189969]",0.8066945633261488
278,278,Plywood outdoor,m³,26 790,23 083,1 777,http://doi.org/10.26188/5da556748c57f,"[ 0.00287318  0.00526528 -0.01127375 ... -0.01327767 -0.00686113
 -0.03604414]",0.7811802967485707
279,279,Structural insulated panel (SIP),m²,2 624,4 219,135,http://doi.org/10.26188/5da5586fec593,"[-0.00979467  0.00969445  0.00206784 ... -0.01870742 -0.03658637
 -0.02286314]",0.7950616876309078
280,280,SIP - 142 mm,m²,3 327,5 349,171,http://doi.org/10.26188/5da5586fec593,"[ 0.00539022  0.0187983  -0.00377765 ... -0.0038965  -0.02046869
 -0.02058433]",0.761913078974487
281,281,SIP - 162 mm,m²,3 795,6 103,195,http://doi.org/10.26188/5da5586fec593,"[ 0.00351904  0.02378024  0.00518287 ... -0.01441345 -0.02066663
 -0.0202904 ]",0.7635143411124135
282,282,Softwood,m³,9 392,13 091,549,http://doi.org/10.26188/5da5578416cc9,"[ 0.00360815 -0.01139206 -0.00933405 ...  0.00163977 -0.0232621
 -0.00987179]",0.7838712078191603
283,283,Softwood kiln-dried,m³,9 704,13 181,583,http://doi.org/10.26188/5da5578416cc9,"[ 0.00211182 -0.00996565  0.00560941 ...  0.00352743 -0.03018207
 -0.01177578]",0.7671580992814557
